time,x,rho,u,p,T,energy
0,0.005,0.081261,1,10000,340.416,307651
0,0.015,0.0831258,1,10000,332.779,300749
0,0.025,0.0846835,1,10000,326.658,295217
0,0.035,0.0859812,1,10000,321.728,290762
0,0.045,0.0870599,1,10000,317.741,287159
0,0.055,0.0879551,1,10000,314.507,284236
0,0.065,0.0886969,1,10000,311.877,281859
0,0.075,0.0893108,1,10000,309.733,279922
0,0.085,0.0898185,1,10000,307.983,278340
0,0.095,0.0902379,1,10000,306.551,277046
0,0.105,0.0905841,1,10000,305.379,275987
0,0.115,0.0908699,1,10000,304.419,275119
0,0.125,0.0911056,1,10000,303.631,274407
0,0.135,0.0912999,1,10000,302.985,273823
0,0.145,0.0914601,1,10000,302.454,273344
0,0.155,0.0915921,1,10000,302.018,272950
0,0.165,0.0917009,1,10000,301.66,272626
0,0.175,0.0917905,1,10000,301.366,272360
0,0.185,0.0918643,1,10000,301.124,272141
0,0.195,0.0919251,1,10000,300.925,271961
0,0.205,0.0919751,1,10000,300.761,271813
0,0.215,0.0920164,1,10000,300.626,271691
0,0.225,0.0920503,1,10000,300.515,271591
0,0.235,0.0920782,1,10000,300.424,271509
0,0.245,0.0921013,1,10000,300.349,271441
0,0.255,0.0921202,1,10000,300.287,271385
0,0.265,0.0921358,1,10000,300.236,271339
0,0.275,0.0921486,1,10000,300.195,271301
0,0.285,0.0921592,1,10000,300.16,271270
0,0.295,0.0921679,1,10000,300.132,271245
0,0.305,0.0921751,1,10000,300.109,271224
0,0.315,0.0921809,1,10000,300.089,271206
0,0.325,0.0921858,1,10000,300.074,271192
0,0.335,0.0921898,1,10000,300.061,271180
0,0.345,0.0921931,1,10000,300.05,271171
0,0.355,0.0921958,1,10000,300.041,271163
0,0.365,0.092198,1,10000,300.034,271156
0,0.375,0.0921999,1,10000,300.028,271151
0,0.385,0.0922014,1,10000,300.023,271146
0,0.395,0.0922026,1,10000,300.019,271143
0,0.405,0.0922036,1,10000,300.015,271140
0,0.415,0.0922045,1,10000,300.013,271137
0,0.425,0.0922052,1,10000,300.01,271135
0,0.435,0.0922057,1,10000,300.009,271133
0,0.445,0.0922062,1,10000,300.007,271132
0,0.455,0.0922066,1,10000,300.006,271131
0,0.465,0.0922069,1,10000,300.005,271130
0,0.475,0.0922072,1,10000,300.004,271129
0,0.485,0.0922074,1,10000,300.003,271128
0,0.495,0.0922076,1,10000,300.003,271128
0,0.505,0.0922077,1,10000,300.002,271127
0,0.515,0.0922078,1,10000,300.002,271127
0,0.525,0.0922079,1,10000,300.001,271127
0,0.535,0.092208,1,10000,300.001,271127
0,0.545,0.0922081,1,10000,300.001,271126
0,0.555,0.0922081,1,10000,300.001,271126
0,0.565,0.0922082,1,10000,300.001,271126
0,0.575,0.0922082,1,10000,300.001,271126
0,0.585,0.0922082,1,10000,300,271126
0,0.595,0.0922083,1,10000,300,271126
0,0.605,0.0922083,1,10000,300,271126
0,0.615,0.0922083,1,10000,300,271126
0,0.625,0.0922083,1,10000,300,271126
0,0.635,0.0922083,1,10000,300,271126
0,0.645,0.0922083,1,10000,300,271126
0,0.655,0.0922084,1,10000,300,271126
0,0.665,0.0922084,1,10000,300,271126
0,0.675,0.0922084,1,10000,300,271126
0,0.685,0.0922084,1,10000,300,271126
0,0.695,0.0922084,1,10000,300,271126
0,0.705,0.0922084,1,10000,300,271126
0,0.715,0.0922084,1,10000,300,271126
0,0.725,0.0922084,1,10000,300,271126
0,0.735,0.0922084,1,10000,300,271126
0,0.745,0.0922084,1,10000,300,271126
0,0.755,0.0922084,1,10000,300,271126
0,0.765,0.0922084,1,10000,300,271126
0,0.775,0.0922084,1,10000,300,271126
0,0.785,0.0922084,1,10000,300,271126
0,0.795,0.0922084,1,10000,300,271126
0,0.805,0.0922084,1,10000,300,271126
0,0.815,0.0922084,1,10000,300,271126
0,0.825,0.0922084,1,10000,300,271126
0,0.835,0.0922084,1,10000,300,271126
0,0.845,0.0922084,1,10000,300,271126
0,0.855,0.0922084,1,10000,300,271126
0,0.865,0.0922084,1,10000,300,271126
0,0.875,0.0922084,1,10000,300,271126
0,0.885,0.0922084,1,10000,300,271126
0,0.895,0.0922084,1,10000,300,271126
0,0.905,0.0922084,1,10000,300,271126
0,0.915,0.0922084,1,10000,300,271126
0,0.925,0.0922084,1,10000,300,271126
0,0.935,0.0922084,1,10000,300,271126
0,0.945,0.0922084,1,10000,300,271126
0,0.955,0.0922084,1,10000,300,271126
0,0.965,0.0922084,1,10000,300,271126
0,0.975,0.0922084,1,10000,300,271126
0,0.985,0.0922084,1,10000,300,271126
0,0.995,0.0922084,1,10000,300,271126
0.237574,0.005,0.0791328,1,10000,349.571,315925
0.237574,0.015,0.0792308,1,10000,349.138,315534
0.237574,0.025,0.0793298,1,10000,348.703,315141
0.237574,0.035,0.0794297,1,10000,348.264,314744
0.237574,0.045,0.0795305,1,10000,347.823,314345
0.237574,0.055,0.0796323,1,10000,347.378,313944
0.237574,0.065,0.0797349,1,10000,346.931,313539
0.237574,0.075,0.0798385,1,10000,346.481,313133
0.237574,0.085,0.0799429,1,10000,346.029,312724
0.237574,0.095,0.0800482,1,10000,345.573,312313
0.237574,0.105,0.0801543,1,10000,345.116,311899
0.237574,0.115,0.0802612,1,10000,344.656,311483
0.237574,0.125,0.080369,1,10000,344.194,311066
0.237574,0.135,0.0804776,1,10000,343.729,310646
0.237574,0.145,0.080587,1,10000,343.263,310224
0.237574,0.155,0.0806972,1,10000,342.794,309801
0.237574,0.165,0.0808081,1,10000,342.324,309375
0.237574,0.175,0.0809198,1,10000,341.851,308948
0.237574,0.185,0.0810322,1,10000,341.377,308520
0.237574,0.195,0.0811454,1,10000,340.901,308090
0.237574,0.205,0.0812592,1,10000,340.423,307658
0.237574,0.215,0.0813737,1,10000,339.944,307225
0.237574,0.225,0.081489,1,10000,339.463,306791
0.237574,0.235,0.0816048,1,10000,338.981,306355
0.237574,0.245,0.0817214,1,10000,338.498,305918
0.237574,0.255,0.0818385,1,10000,338.013,305480
0.237574,0.265,0.0819563,1,10000,337.528,305041
0.237574,0.275,0.0820747,1,10000,337.041,304601
0.237574,0.285,0.0821937,1,10000,336.553,304160
0.237574,0.295,0.0823133,1,10000,336.064,303718
0.237574,0.305,0.0824334,1,10000,335.574,303276
0.237574,0.315,0.0825541,1,10000,335.083,302832
0.237574,0.325,0.0826753,1,10000,334.592,302388
0.237574,0.335,0.0827971,1,10000,334.1,301943
0.237574,0.345,0.0829194,1,10000,333.607,301498
0.237574,0.355,0.0830422,1,10000,333.114,301052
0.237574,0.365,0.0831655,1,10000,332.62,300606
0.237574,0.375,0.0832892,1,10000,332.126,300159
0.237574,0.385,0.0834135,1,10000,331.631,299712
0.237574,0.395,0.0835382,1,10000,331.136,299265
0.237574,0.405,0.0836633,1,10000,330.641,298817
0.237574,0.415,0.083789,1,10000,330.145,298369
0.237574,0.425,0.083915,1,10000,329.649,297921
0.237574,0.435,0.0840415,1,10000,329.153,297473
0.237574,0.445,0.0841684,1,10000,328.657,297024
0.237574,0.455,0.0842958,1,10000,328.16,296575
0.237574,0.465,0.0844235,1,10000,327.664,296126
0.237574,0.475,0.0845517,1,10000,327.167,295678
0.237574,0.485,0.0846803,1,10000,326.67,295229
0.237574,0.495,0.0848093,1,10000,326.173,294780
0.237574,0.505,0.0849386,1,10000,325.676,294331
0.237574,0.515,0.0850684,1,10000,325.18,293882
0.237574,0.525,0.0851986,1,10000,324.683,293432
0.237574,0.535,0.0853292,1,10000,324.186,292983
0.237574,0.545,0.0854602,1,10000,323.689,292534
0.237574,0.555,0.0855916,1,10000,323.192,292085
0.237574,0.565,0.0857235,1,10000,322.695,291636
0.237574,0.575,0.0858557,1,10000,322.198,291187
0.237574,0.585,0.0859884,1,10000,321.701,290737
0.237574,0.595,0.0861215,1,10000,321.203,290288
0.237574,0.605,0.086255,1,10000,320.706,289839
0.237574,0.615,0.086389,1,10000,320.209,289389
0.237574,0.625,0.0865235,1,10000,319.711,288939
0.237574,0.635,0.0866584,1,10000,319.213,288490
0.237574,0.645,0.0867938,1,10000,318.715,288040
0.237574,0.655,0.0869297,1,10000,318.217,287589
0.237574,0.665,0.0870661,1,10000,317.719,287139
0.237574,0.675,0.087203,1,10000,317.22,286688
0.237574,0.685,0.0873405,1,10000,316.72,286237
0.237574,0.695,0.0874785,1,10000,316.221,285785
0.237574,0.705,0.0876172,1,10000,315.72,285333
0.237574,0.715,0.0877564,1,10000,315.219,284880
0.237574,0.725,0.0878963,1,10000,314.718,284427
0.237574,0.735,0.0880368,1,10000,314.215,283973
0.237574,0.745,0.088178,1,10000,313.712,283518
0.237574,0.755,0.0883199,1,10000,313.208,283062
0.237574,0.765,0.0884626,1,10000,312.703,282606
0.237574,0.775,0.088606,1,10000,312.197,282148
0.237574,0.785,0.0887502,1,10000,311.689,281690
0.237574,0.795,0.0888953,1,10000,311.181,281230
0.237574,0.805,0.0890412,1,10000,310.671,280769
0.237574,0.815,0.0891881,1,10000,310.159,280307
0.237574,0.825,0.0893358,1,10000,309.646,279843
0.237574,0.835,0.0894846,1,10000,309.132,279378
0.237574,0.845,0.0896343,1,10000,308.615,278911
0.237574,0.855,0.0897852,1,10000,308.097,278443
0.237574,0.865,0.0899371,1,10000,307.576,277972
0.237574,0.875,0.0900902,1,10000,307.054,277500
0.237574,0.885,0.0902445,1,10000,306.529,277026
0.237574,0.895,0.0904,1,10000,306.001,276549
0.237574,0.905,0.0905569,1,10000,305.471,276070
0.237574,0.915,0.090715,1,10000,304.939,275589
0.237574,0.925,0.0908746,1,10000,304.403,275105
0.237574,0.935,0.0910356,1,10000,303.865,274618
0.237574,0.945,0.0911982,1,10000,303.323,274129
0.237574,0.955,0.0913623,1,10000,302.778,273636
0.237574,0.965,0.091528,1,10000,302.23,273141
0.237574,0.975,0.0916954,1,10000,301.678,272642
0.237574,0.985,0.0918646,1,10000,301.123,272140
0.237574,0.995,0.0920355,1,10000,300.563,271635
0.474736,0.005,0.0791121,1,10000,349.662,316008
0.474736,0.015,0.0791893,1,10000,349.321,315700
0.474736,0.025,0.0792672,1,10000,348.978,315389
0.474736,0.035,0.0793459,1,10000,348.632,315077
0.474736,0.045,0.0794254,1,10000,348.283,314761
0.474736,0.055,0.0795057,1,10000,347.931,314444
0.474736,0.065,0.0795867,1,10000,347.577,314123
0.474736,0.075,0.0796686,1,10000,347.22,313801
0.474736,0.085,0.0797512,1,10000,346.86,313475
0.474736,0.095,0.0798347,1,10000,346.497,313147
0.474736,0.105,0.079919,1,10000,346.132,312817
0.474736,0.115,0.0800042,1,10000,345.763,312484
0.474736,0.125,0.0800901,1,10000,345.392,312149
0.474736,0.135,0.080177,1,10000,345.018,311811
0.474736,0.145,0.0802646,1,10000,344.641,311470
0.474736,0.155,0.0803531,1,10000,344.262,311127
0.474736,0.165,0.0804425,1,10000,343.879,310781
0.474736,0.175,0.0805328,1,10000,343.494,310433
0.474736,0.185,0.0806239,1,10000,343.106,310082
0.474736,0.195,0.080716,1,10000,342.714,309729
0.474736,0.205,0.0808089,1,10000,342.32,309372
0.474736,0.215,0.0809027,1,10000,341.923,309014
0.474736,0.225,0.0809974,1,10000,341.523,308652
0.474736,0.235,0.0810931,1,10000,341.12,308288
0.474736,0.245,0.0811897,1,10000,340.715,307921
0.474736,0.255,0.0812872,1,10000,340.306,307552
0.474736,0.265,0.0813857,1,10000,339.894,307180
0.474736,0.275,0.0814851,1,10000,339.479,306805
0.474736,0.285,0.0815855,1,10000,339.062,306427
0.474736,0.295,0.0816869,1,10000,338.641,306047
0.474736,0.305,0.0817892,1,10000,338.217,305664
0.474736,0.315,0.0818926,1,10000,337.79,305279
0.474736,0.325,0.0819969,1,10000,337.361,304890
0.474736,0.335,0.0821022,1,10000,336.928,304499
0.474736,0.345,0.0822086,1,10000,336.492,304105
0.474736,0.355,0.082316,1,10000,336.053,303708
0.474736,0.365,0.0824245,1,10000,335.611,303309
0.474736,0.375,0.082534,1,10000,335.165,302906
0.474736,0.385,0.0826445,1,10000,334.717,302501
0.474736,0.395,0.0827561,1,10000,334.265,302093
0.474736,0.405,0.0828689,1,10000,333.811,301682
0.474736,0.415,0.0829827,1,10000,333.353,301268
0.474736,0.425,0.0830976,1,10000,332.892,300852
0.474736,0.435,0.0832136,1,10000,332.428,300432
0.474736,0.445,0.0833308,1,10000,331.96,300010
0.474736,0.455,0.0834491,1,10000,331.49,299584
0.474736,0.465,0.0835686,1,10000,331.016,299156
0.474736,0.475,0.0836892,1,10000,330.538,298725
0.474736,0.485,0.0838111,1,10000,330.058,298290
0.474736,0.495,0.0839341,1,10000,329.574,297853
0.474736,0.505,0.0840583,1,10000,329.087,297413
0.474736,0.515,0.0841838,1,10000,328.597,296970
0.474736,0.525,0.0843105,1,10000,328.103,296524
0.474736,0.535,0.0844384,1,10000,327.606,296074
0.474736,0.545,0.0845676,1,10000,327.105,295622
0.474736,0.555,0.0846981,1,10000,326.601,295166
0.474736,0.565,0.0848299,1,10000,326.094,294708
0.474736,0.575,0.084963,1,10000,325.583,294246
0.474736,0.585,0.0850974,1,10000,325.069,293781
0.474736,0.595,0.0852332,1,10000,324.551,293313
0.474736,0.605,0.0853704,1,10000,324.03,292842
0.474736,0.615,0.0855089,1,10000,323.505,292368
0.474736,0.625,0.0856488,1,10000,322.976,291890
0.474736,0.635,0.0857901,1,10000,322.444,291409
0.474736,0.645,0.0859329,1,10000,321.909,290925
0.474736,0.655,0.0860771,1,10000,321.369,290438
0.474736,0.665,0.0862227,1,10000,320.826,289947
0.474736,0.675,0.0863699,1,10000,320.28,289453
0.474736,0.685,0.0865185,1,10000,319.729,288956
0.474736,0.695,0.0866687,1,10000,319.175,288455
0.474736,0.705,0.0868205,1,10000,318.617,287951
0.474736,0.715,0.0869738,1,10000,318.056,287444
0.474736,0.725,0.0871286,1,10000,317.491,286933
0.474736,0.735,0.0872851,1,10000,316.921,286418
0.474736,0.745,0.0874433,1,10000,316.348,285900
0.474736,0.755,0.087603,1,10000,315.771,285379
0.474736,0.765,0.0877645,1,10000,315.19,284854
0.474736,0.775,0.0879276,1,10000,314.606,284325
0.474736,0.785,0.0880925,1,10000,314.017,283793
0.474736,0.795,0.0882591,1,10000,313.424,283257
0.474736,0.805,0.0884275,1,10000,312.827,282718
0.474736,0.815,0.0885977,1,10000,312.226,282175
0.474736,0.825,0.0887697,1,10000,311.621,281628
0.474736,0.835,0.0889435,1,10000,311.012,281078
0.474736,0.845,0.0891192,1,10000,310.399,280524
0.474736,0.855,0.0892968,1,10000,309.782,279966
0.474736,0.865,0.0894764,1,10000,309.16,279404
0.474736,0.875,0.0896578,1,10000,308.534,278838
0.474736,0.885,0.0898413,1,10000,307.904,278269
0.474736,0.895,0.0900268,1,10000,307.27,277696
0.474736,0.905,0.0902143,1,10000,306.631,277118
0.474736,0.915,0.0904039,1,10000,305.988,276537
0.474736,0.925,0.0905956,1,10000,305.341,275952
0.474736,0.935,0.0907894,1,10000,304.689,275363
0.474736,0.945,0.0909853,1,10000,304.033,274770
0.474736,0.955,0.0911835,1,10000,303.372,274173
0.474736,0.965,0.0913839,1,10000,302.707,273572
0.474736,0.975,0.0915866,1,10000,302.037,272966
0.474736,0.985,0.0917915,1,10000,301.363,272357
0.474736,0.995,0.0919988,1,10000,300.684,271743
0.711887,0.005,0.0791117,1,10000,349.664,316009
0.711887,0.015,0.0791885,1,10000,349.325,315703
0.711887,0.025,0.079266,1,10000,348.983,315394
0.711887,0.035,0.0793443,1,10000,348.639,315083
0.711887,0.045,0.0794233,1,10000,348.292,314770
0.711887,0.055,0.0795032,1,10000,347.942,314453
0.711887,0.065,0.0795838,1,10000,347.59,314135
0.711887,0.075,0.0796652,1,10000,347.235,313814
0.711887,0.085,0.0797475,1,10000,346.876,313490
0.711887,0.095,0.0798305,1,10000,346.516,313164
0.711887,0.105,0.0799144,1,10000,346.152,312835
0.711887,0.115,0.0799991,1,10000,345.785,312504
0.711887,0.125,0.0800847,1,10000,345.416,312170
0.711887,0.135,0.080171,1,10000,345.044,311834
0.711887,0.145,0.0802583,1,10000,344.669,311495
0.711887,0.155,0.0803464,1,10000,344.291,311153
0.711887,0.165,0.0804353,1,10000,343.91,310809
0.711887,0.175,0.0805252,1,10000,343.526,310462
0.711887,0.185,0.0806159,1,10000,343.14,310113
0.711887,0.195,0.0807075,1,10000,342.75,309761
0.711887,0.205,0.0808,1,10000,342.358,309406
0.711887,0.215,0.0808935,1,10000,341.962,309049
0.711887,0.225,0.0809878,1,10000,341.564,308689
0.711887,0.235,0.0810831,1,10000,341.163,308326
0.711887,0.245,0.0811793,1,10000,340.758,307961
0.711887,0.255,0.0812764,1,10000,340.351,307593
0.711887,0.265,0.0813745,1,10000,339.941,307222
0.711887,0.275,0.0814735,1,10000,339.528,306849
0.711887,0.285,0.0815736,1,10000,339.111,306472
0.711887,0.295,0.0816746,1,10000,338.692,306093
0.711887,0.305,0.0817766,1,10000,338.269,305712
0.711887,0.315,0.0818796,1,10000,337.844,305327
0.711887,0.325,0.0819836,1,10000,337.415,304940
0.711887,0.335,0.0820886,1,10000,336.984,304549
0.711887,0.345,0.0821947,1,10000,336.549,304156
0.711887,0.355,0.0823018,1,10000,336.111,303761
0.711887,0.365,0.0824099,1,10000,335.67,303362
0.711887,0.375,0.0825191,1,10000,335.225,302961
0.711887,0.385,0.0826294,1,10000,334.778,302556
0.711887,0.395,0.0827408,1,10000,334.327,302149
0.711887,0.405,0.0828533,1,10000,333.874,301739
0.711887,0.415,0.0829669,1,10000,333.416,301326
0.711887,0.425,0.0830816,1,10000,332.956,300910
0.711887,0.435,0.0831974,1,10000,332.493,300491
0.711887,0.445,0.0833144,1,10000,332.026,300069
0.711887,0.455,0.0834325,1,10000,331.556,299644
0.711887,0.465,0.0835518,1,10000,331.082,299216
0.711887,0.475,0.0836723,1,10000,330.605,298785
0.711887,0.485,0.083794,1,10000,330.125,298351
0.711887,0.495,0.0839169,1,10000,329.642,297914
0.711887,0.505,0.0840411,1,10000,329.155,297474
0.711887,0.515,0.0841664,1,10000,328.664,297031
0.711887,0.525,0.0842931,1,10000,328.171,296585
0.711887,0.535,0.0844209,1,10000,327.674,296136
0.711887,0.545,0.0845501,1,10000,327.173,295683
0.711887,0.555,0.0846806,1,10000,326.669,295228
0.711887,0.565,0.0848124,1,10000,326.161,294769
0.711887,0.575,0.0849455,1,10000,325.65,294307
0.711887,0.585,0.08508,1,10000,325.135,293842
0.711887,0.595,0.0852158,1,10000,324.617,293373
0.711887,0.605,0.085353,1,10000,324.095,292902
0.711887,0.615,0.0854916,1,10000,323.57,292427
0.711887,0.625,0.0856316,1,10000,323.041,291949
0.711887,0.635,0.0857731,1,10000,322.508,291467
0.711887,0.645,0.085916,1,10000,321.972,290983
0.711887,0.655,0.0860603,1,10000,321.432,290494
0.711887,0.665,0.0862062,1,10000,320.888,290003
0.711887,0.675,0.0863535,1,10000,320.34,289508
0.711887,0.685,0.0865024,1,10000,319.789,289010
0.711887,0.695,0.0866528,1,10000,319.234,288508
0.711887,0.705,0.0868048,1,10000,318.675,288003
0.711887,0.715,0.0869584,1,10000,318.112,287494
0.711887,0.725,0.0871136,1,10000,317.545,286982
0.711887,0.735,0.0872704,1,10000,316.975,286467
0.711887,0.745,0.0874288,1,10000,316.4,285947
0.711887,0.755,0.087589,1,10000,315.822,285425
0.711887,0.765,0.0877508,1,10000,315.24,284898
0.711887,0.775,0.0879143,1,10000,314.653,284368
0.711887,0.785,0.0880796,1,10000,314.063,283835
0.711887,0.795,0.0882466,1,10000,313.468,283297
0.711887,0.805,0.0884154,1,10000,312.87,282757
0.711887,0.815,0.0885861,1,10000,312.267,282212
0.711887,0.825,0.0887585,1,10000,311.66,281664
0.711887,0.835,0.0889329,1,10000,311.049,281111
0.711887,0.845,0.0891091,1,10000,310.434,280555
0.711887,0.855,0.0892872,1,10000,309.815,279996
0.711887,0.865,0.0894673,1,10000,309.191,279432
0.711887,0.875,0.0896493,1,10000,308.564,278865
0.711887,0.885,0.0898334,1,10000,307.931,278293
0.711887,0.895,0.0900194,1,10000,307.295,277718
0.711887,0.905,0.0902076,1,10000,306.654,277139
0.711887,0.915,0.0903978,1,10000,306.009,276556
0.711887,0.925,0.0905901,1,10000,305.359,275969
0.711887,0.935,0.0907845,1,10000,304.705,275378
0.711887,0.945,0.0909812,1,10000,304.047,274783
0.711887,0.955,0.09118,1,10000,303.384,274183
0.711887,0.965,0.0913811,1,10000,302.716,273580
0.711887,0.975,0.0915844,1,10000,302.044,272973
0.711887,0.985,0.0917901,1,10000,301.367,272361
0.711887,0.995,0.091998,1,10000,300.686,271745
0.949039,0.005,0.0791117,1,10000,349.664,316009
0.949039,0.015,0.0791885,1,10000,349.325,315703
0.949039,0.025,0.079266,1,10000,348.983,315394
0.949039,0.035,0.0793443,1,10000,348.639,315083
0.949039,0.045,0.0794233,1,10000,348.292,314770
0.949039,0.055,0.0795032,1,10000,347.942,314453
0.949039,0.065,0.0795838,1,10000,347.59,314135
0.949039,0.075,0.0796652,1,10000,347.235,313814
0.949039,0.085,0.0797475,1,10000,346.876,313490
0.949039,0.095,0.0798305,1,10000,346.516,313164
0.949039,0.105,0.0799144,1,10000,346.152,312835
0.949039,0.115,0.0799991,1,10000,345.785,312504
0.949039,0.125,0.0800847,1,10000,345.416,312170
0.949039,0.135,0.080171,1,10000,345.044,311834
0.949039,0.145,0.0802583,1,10000,344.669,311495
0.949039,0.155,0.0803464,1,10000,344.291,311153
0.949039,0.165,0.0804353,1,10000,343.91,310809
0.949039,0.175,0.0805252,1,10000,343.526,310462
0.949039,0.185,0.0806159,1,10000,343.14,310113
0.949039,0.195,0.0807075,1,10000,342.75,309761
0.949039,0.205,0.0808,1,10000,342.358,309406
0.949039,0.215,0.0808935,1,10000,341.962,309049
0.949039,0.225,0.0809878,1,10000,341.564,308689
0.949039,0.235,0.0810831,1,10000,341.163,308326
0.949039,0.245,0.0811793,1,10000,340.758,307961
0.949039,0.255,0.0812764,1,10000,340.351,307593
0.949039,0.265,0.0813745,1,10000,339.941,307222
0.949039,0.275,0.0814735,1,10000,339.528,306849
0.949039,0.285,0.0815736,1,10000,339.111,306472
0.949039,0.295,0.0816746,1,10000,338.692,306093
0.949039,0.305,0.0817766,1,10000,338.269,305712
0.949039,0.315,0.0818796,1,10000,337.844,305327
0.949039,0.325,0.0819836,1,10000,337.415,304940
0.949039,0.335,0.0820886,1,10000,336.984,304549
0.949039,0.345,0.0821947,1,10000,336.549,304156
0.949039,0.355,0.0823018,1,10000,336.111,303761
0.949039,0.365,0.0824099,1,10000,335.67,303362
0.949039,0.375,0.0825191,1,10000,335.225,302961
0.949039,0.385,0.0826294,1,10000,334.778,302556
0.949039,0.395,0.0827408,1,10000,334.327,302149
0.949039,0.405,0.0828533,1,10000,333.874,301739
0.949039,0.415,0.0829669,1,10000,333.416,301326
0.949039,0.425,0.0830816,1,10000,332.956,300910
0.949039,0.435,0.0831974,1,10000,332.493,300491
0.949039,0.445,0.0833144,1,10000,332.026,300069
0.949039,0.455,0.0834325,1,10000,331.556,299644
0.949039,0.465,0.0835518,1,10000,331.082,299216
0.949039,0.475,0.0836723,1,10000,330.605,298785
0.949039,0.485,0.083794,1,10000,330.125,298351
0.949039,0.495,0.0839169,1,10000,329.642,297914
0.949039,0.505,0.0840411,1,10000,329.155,297474
0.949039,0.515,0.0841664,1,10000,328.664,297031
0.949039,0.525,0.0842931,1,10000,328.171,296585
0.949039,0.535,0.0844209,1,10000,327.674,296136
0.949039,0.545,0.0845501,1,10000,327.173,295683
0.949039,0.555,0.0846806,1,10000,326.669,295228
0.949039,0.565,0.0848124,1,10000,326.161,294769
0.949039,0.575,0.0849455,1,10000,325.65,294307
0.949039,0.585,0.08508,1,10000,325.135,293842
0.949039,0.595,0.0852158,1,10000,324.617,293373
0.949039,0.605,0.085353,1,10000,324.095,292902
0.949039,0.615,0.0854916,1,10000,323.57,292427
0.949039,0.625,0.0856316,1,10000,323.041,291949
0.949039,0.635,0.0857731,1,10000,322.508,291467
0.949039,0.645,0.085916,1,10000,321.972,290983
0.949039,0.655,0.0860603,1,10000,321.432,290494
0.949039,0.665,0.0862062,1,10000,320.888,290003
0.949039,0.675,0.0863535,1,10000,320.34,289508
0.949039,0.685,0.0865024,1,10000,319.789,289010
0.949039,0.695,0.0866528,1,10000,319.234,288508
0.949039,0.705,0.0868048,1,10000,318.675,288003
0.949039,0.715,0.0869584,1,10000,318.112,287494
0.949039,0.725,0.0871136,1,10000,317.545,286982
0.949039,0.735,0.0872704,1,10000,316.975,286467
0.949039,0.745,0.0874288,1,10000,316.4,285947
0.949039,0.755,0.087589,1,10000,315.822,285425
0.949039,0.765,0.0877508,1,10000,315.24,284898
0.949039,0.775,0.0879143,1,10000,314.653,284368
0.949039,0.785,0.0880796,1,10000,314.063,283835
0.949039,0.795,0.0882466,1,10000,313.468,283297
0.949039,0.805,0.0884154,1,10000,312.87,282757
0.949039,0.815,0.0885861,1,10000,312.267,282212
0.949039,0.825,0.0887585,1,10000,311.66,281664
0.949039,0.835,0.0889329,1,10000,311.049,281111
0.949039,0.845,0.0891091,1,10000,310.434,280555
0.949039,0.855,0.0892872,1,10000,309.815,279996
0.949039,0.865,0.0894673,1,10000,309.191,279432
0.949039,0.875,0.0896493,1,10000,308.564,278865
0.949039,0.885,0.0898334,1,10000,307.931,278293
0.949039,0.895,0.0900194,1,10000,307.295,277718
0.949039,0.905,0.0902076,1,10000,306.654,277139
0.949039,0.915,0.0903978,1,10000,306.009,276556
0.949039,0.925,0.0905901,1,10000,305.359,275969
0.949039,0.935,0.0907845,1,10000,304.705,275378
0.949039,0.945,0.0909812,1,10000,304.047,274783
0.949039,0.955,0.09118,1,10000,303.384,274183
0.949039,0.965,0.0913811,1,10000,302.716,273580
0.949039,0.975,0.0915844,1,10000,302.044,272973
0.949039,0.985,0.0917901,1,10000,301.367,272361
0.949039,0.995,0.091998,1,10000,300.686,271745
